{
  "IcoMoonType": "selection",
  "icons": [
    {
      "icon": {
        "paths": [
          "M1102.769 39.385h-945.231c-64.985 0-117.602 53.169-117.602 118.154l-0.551 708.923c0 64.985 53.169 118.154 118.154 118.154h945.231c64.985 0 118.154-53.169 118.154-118.154v-708.923c0-64.985-53.169-118.154-118.154-118.154zM1079.138 290.501l-417.634 261.041c-8.907 5.559-19.724 8.855-31.311 8.855s-22.403-3.296-31.564-9.002l0.253 0.147-417.713-261.12c-14.871-8.89-24.674-24.906-24.674-43.212 0-27.711 22.465-50.176 50.176-50.176 10.304 0 19.882 3.106 27.85 8.432l-0.182-0.115 395.815 247.572 395.815-247.572c7.786-5.212 17.364-8.317 27.667-8.317 27.711 0 50.176 22.465 50.176 50.176 0 18.306-9.803 34.322-24.446 43.085l-0.228 0.127z"
        ],
        "attrs": [
          {}
        ],
        "width": 1260,
        "isMulticolor": false,
        "isMulticolor2": false,
        "grid": 0,
        "tags": [
          "email-black"
        ]
      },
      "attrs": [
        {}
      ],
      "properties": {
        "order": 27,
        "id": 2,
        "name": "email-black",
        "prevSize": 32
      },
      "setIdx": 0,
      "setId": 9,
      "iconIdx": 0
    },
    {
      "icon": {
        "paths": [
          "M472.615 512c130.509 0 236.308-105.799 236.308-236.308s-105.799-236.308-236.308-236.308v0c-130.509 0-236.308 105.799-236.308 236.308s105.799 236.308 236.308 236.308v0zM472.615 630.154c-157.696 0-472.615 79.163-472.615 236.308v59.077c0 32.453 26.624 59.077 59.077 59.077h827.077c32.453 0 59.077-26.624 59.077-59.077v-59.077c0-157.145-314.919-236.308-472.615-236.308z"
        ],
        "attrs": [
          {}
        ],
        "width": 945,
        "isMulticolor": false,
        "isMulticolor2": false,
        "grid": 0,
        "tags": [
          "person-black"
        ]
      },
      "attrs": [
        {}
      ],
      "properties": {
        "order": 28,
        "id": 1,
        "name": "person-black",
        "prevSize": 32
      },
      "setIdx": 0,
      "setId": 9,
      "iconIdx": 1
    },
    {
      "icon": {
        "paths": [
          "M877.422 703.854l-134.437-15.36c-3.702-0.461-7.987-0.725-12.334-0.725-29.090 0-55.426 11.793-74.487 30.859l-97.427 97.427c-150.962-77.917-270.931-197.909-346.728-344.447l-2.090-4.444 98.011-97.792c19.066-19.061 30.859-45.397 30.859-74.487 0-4.346-0.263-8.631-0.775-12.84l0.050 0.506-15.36-133.413c-6.366-52.966-51.033-93.623-105.196-93.623-0.046 0-0.091 0-0.137 0l-91.568-0c-59.831 0-109.568 49.737-105.911 109.495 28.087 452.023 389.632 813.056 841.143 841.143 59.758 3.657 109.568-46.080 109.568-105.911v-91.575c0.001-0.151 0.001-0.33 0.001-0.508 0-53.805-40.513-98.147-92.698-104.186l-0.487-0.046z"
        ],
        "attrs": [
          {}
        ],
        "isMulticolor": false,
        "isMulticolor2": false,
        "grid": 0,
        "tags": [
          "phone-black"
        ]
      },
      "attrs": [
        {}
      ],
      "properties": {
        "order": 29,
        "id": 0,
        "name": "phone-black",
        "prevSize": 32
      },
      "setIdx": 0,
      "setId": 9,
      "iconIdx": 2
    }
  ],
  "height": 1024,
  "preferences": {
    "showGlyphs": true,
    "showQuickUse": true,
    "showQuickUse2": true,
    "showSVGs": true,
    "fontPref": {
      "prefix": "icon-",
      "metadata": {
        "fontFamily": "icomoon"
      },
      "metrics": {
        "emSize": 1024,
        "baseline": 6.25,
        "whitespace": 50
      },
      "embed": false
    },
    "imagePref": {
      "prefix": "",
      "png": false,
      "useClassSelector": true,
      "color": 0,
      "bgColor": 16777215,
      "classSelector": ".icon",
      "name": "icomoon",
      "height": 32,
      "columns": 16,
      "margin": 16
    },
    "historySize": 50,
    "showCodes": true,
    "gridSize": 16
  }
}